233990;1
T63108;2
DEF1056;3
501961;4
HAR1040;5
599282;6
501970;7
395590;8
395504;9
501975;10
395501;11
714042;12
1000603;13
477121;14
477120;15
710192;16
710120;17
710135;18
710131;19
710130;20
710122;21
710116;22
710125;23
710134;24
710113;25
710111;26
710103;27
923543;28
Z25150;29
710134;30
1006411;31
1006412;32
693047;33
710135;34
710131_SU60;35
693067;36
693073;37
693084;38
710192;39
693077;40
926192;41
693156;42
924155;43
1001962;44
1001965;45
1007769;46
911031;47
107025;48
920513;49
1001961;50
1001016;51
1004981;52
1005568;53
Z28511;54
920803;55
710118;56
Z29390;57
1000862;58
693046;59
ALB3310;60
1000926;61
115230;62
Z50953;63
926197;64
1005569;65
1006074;66
693157;67
1004043;68
1000288;69
115211;70
1003510;71
Z50670;72
1006403;73
1007228;74
693171;75
1001964;76
1000860;77
926668;78
1001219;79
693088;80
1001225;81
107027;82
710124;83
693043;84
1004833;85
1004269;86
1005573;87
1007768;88
115214;89
693154;90
Z97033;91
102017;92
Z50679;93
900900;94
693159;95
116054;96
693044;97
Z54043;98
115210;99
1000861;100
