525212/51;1
525210/51;2
525213/51;3
720019/31;4
720450/825;5
010065/221;6
770825;7
GL49086/00;8
VER095/802;9
090884/00;10
090872/00;11
140521/LG;12
140522/LG;13
140515/LG;14
521404/00;15
524037/15BP;16
525916/650M;17
528004/15;18
528004/20;19
060405B/LG;20
720807/214;21
726048/100;22
733865/0098LG;23
736010/389;24
090714/01;25
090758/01;26
090722/00;27
090752/01;28
090708/01;29
090710/01;30
090721/01;31
090718/01;32
090799ZW;33
090702/04;34
160011;35
160010;36
160012;37
160004/00;38
160121/00;39
520173/62EVI;40
521404;41
522005/M;42
525018/10;43
523303;44
525020/10;45
523303/L;46
525019/10;47
525114/30;48
524326/L;49
525137/20;50
525136/20;51
525211/401;52
603112/10;53
060305R;54
060305B;55
060480B;56
060506/00;57
070407/00;58
070423/00;59
070513/10;60
090703/01;61
090701/03;62
090706/02;63
708100/45EVI;64
708130/052;65
708128/208;66
708120/155;67
708100/59EVI;68
708663/07;69
708172/EVI2;70
708473/235;71
708727/60;72
708789/00;73
709100/288;74
709100/297;75
709290/076;76
709120/289;77
709014/09EVI;78
709120/288;79
709666/90;80
709664/24;81
709014/02EVI;82
709290/016;83
709666/50;84
709290/067;85
709666/70;86
709092/523;87
726100;88
726001;89
725560/200;90
726182;91
726153;92
726205;93
726181;94
727002/87;95
727183;96
727670/00;97
727410/834;98
727830/01;99
738149/136;100