33165V;1
33228V;2
28221V;3
28115V;4
33231V;5
28132V;6
10107V;7
42962V;8
28122V;9
10114V;10
28120V;11
10113V;12
10161V;13
10203V;14
34365V;15
21131V;16
10205V;17
28125V;18
28117V;19
10206V;20
28073V;21
10214V;22
14057V;23
14055V;24
10215V;25
12560V;26
30125V;27
12559V;28
14055V;29
30091V;30
14056V;31
34299V;32
34280V;33
34300V;34
30133V;35
34323V;36
34331V;37
34348V;38
34351V;39
30027V;40
34582V;41
30175V;42
28522V;43
34489V;44
30111V;45
34586V;46
34587V;47
30312V;49
30116V;50
30311V;51
30194V;52
34599V;53
30257V;54
30294V;55
30309V;56
34598V;59
30308V;58
30320V;59
30267V;60
30260V;61
30307V;62
35190V;63
30300V;65
30305V;66
30301V;67
30304V;68
35185V;69
35203V;70
30174V;71
36011V;72
30313V;73
30338V;74
30341V;75
30329V;76
30325V;77
30324V;78
32806V;80
30321V;81
30326V;82
30323V;83
30327V;84
30336V;85
30317V;86
30330V;87
30306V;88
30332V;89
30256V;90
30334V;91
30335V;92
30333V;93
30342V;94
30343V;95
30350V;96
30387V;97
30359V;98
30386V;99
30372V;100